Pregunta 1,Respuesta 1,Pregunta 2,Respuesta 2,Pregunta 3,Respuesta 3,Pregunta 4,Respuesta 4,Pregunta 5,Respuesta 5,Pregunta 6,Respuesta 6,Pregunta 7,Respuesta 7
¿Cuántos días tiene un año bisiesto?,366,¿Color de las hojas en primavera?,Verde,¿Autor de "Romeo y Julieta"?,Shakespeare,¿Satélite natural de la Tierra?,Luna,¿Año de la caída del Muro de Berlín?,1989,¿Elemento químico O?,Oxígeno,¿Mejor cantante de todos los tiempos?,Freddie Mercury
¿Cuántos huesos tiene el cuerpo humano?,206,¿Color del sol?,Amarillo,¿Autor de "1984"?,Orwell,¿Planeta más cercano a la Tierra?,Venus,¿Año del descubrimiento de América?,1492,¿Elemento químico Na?,Sodio,¿Mejor banda de rock de la historia?,The Beatles
¿Cuántos continentes hay?,7,¿Color de la sangre?,Rojo,¿Autor de "La Odisea"?,Homero,¿Gas más abundante en la atmósfera?,Nitrógeno,¿Año de la Revolución Francesa?,1789,¿Elemento químico Ag?,Plata,¿Mejor película de ciencia ficción?,Blade Runner
¿Cuántos planetas hay en el sistema solar?,8,¿Color de las nubes?,Blanco,¿Autor de "El Principito"?,Saint-Exupéry,¿Lengua más hablada del mundo?,Mandarín,¿Año de la independencia de México?,1810,¿Elemento químico Hg?,Mercurio,¿Mejor pintor de todos los tiempos?,Da Vinci
¿Cuántos océanos hay?,5,¿Color de la leche?,Blanco,¿Autor de "Crimen y Castigo"?,Dostoievski,¿País más grande del mundo?,Rusia,¿Año de la caída del Imperio Romano?,476,¿Elemento químico K?,Potasio,¿Mejor escritor del siglo XX?,Kafka
¿Cuántos días tiene una semana?,7,¿Color de las bananas maduras?,Amarillo,¿Autor de "Drácula"?,Stoker,¿Río más largo del mundo?,Amazonas,¿Año de la invención del teléfono?,1876,¿Elemento químico Pb?,Plomo,¿Mejor videojuego de la historia?,Tetris
¿Cuántos lados tiene un triángulo?,3,¿Color de las flores de lavanda?,Morado,¿Autor de "Orgullo y Prejuicio"?,Austen,¿Monte más alto del mundo?,Everest,¿Año de la primera Guerra Mundial?,1914,¿Elemento químico Cu?,Cobre,¿Mejor invento del siglo XX?,Internet
¿Cuántos meses tiene un año?,12,¿Color de las zanahorias?,Naranja,¿Autor de "El retrato de Dorian Gray"?,Wilde,¿Ciudad más poblada del mundo?,Tokio,¿Año de la llegada del hombre a la Luna?,1969,¿Elemento químico Sn?,Estaño,¿Mejor deporte del mundo?,Fútbol
¿Cuántos sentidos tiene el ser humano?,5,¿Color de las hojas en otoño?,Marrón,¿Autor de "Los miserables"?,Hugo,¿País con más islas del mundo?,Suecia,¿Año de la fundación de Roma?,753 a.C.,¿Elemento químico Zn?,Zinc,¿Mejor película animada de Disney?,El Rey León
¿Cuántos corazones tiene un pulpo?,3,¿Color de las flores de girasol?,Amarillo,¿Autor de "El gran Gatsby"?,Fitzgerald,¿Animal más rápido del mundo?,Guepardo,¿Año de la invención de la imprenta?,1440,¿Elemento químico Fe?,Hierro,¿Mejor serie de televisión?,Breaking Bad
¿Cuántos años tiene un siglo?,100,¿Color de las flores de amapola?,Rojo,¿Autor de "El señor de los anillos"?,Tolkien,¿País con más pirámides?,Egipto,¿Año de la Revolución Rusa?,1917,¿Elemento químico He?,Helio,¿Mejor plataforma de streaming?,Netflix
¿Cuántos lados tiene un triángulo?,Tres,¿Cuántos continentes hay en el mundo?,Siete,¿En qué año llegó Colón a América?,1492,¿Qué planeta es el más grande?,Júpiter,¿Cuál es el metal más ligero?,Litio,¿En qué año cayó Tenochtitlán?,1521,¿Qué país tiene mejor gastronomía?,Italia
¿Cuántos colores tiene el arcoíris?,Siete,¿Cuántas patas tiene una araña?,Ocho,¿Qué gas respiramos para vivir?,Oxígeno,¿Cuántos huesos tiene un humano?,206,¿Cuál es el océano más grande?,Pacífico,¿Qué número atómico tiene el oro?,79,¿Quién fue el mejor futbolista?,Pelé
¿Cuántas patas tiene un perro?,Cuatro,¿Cuántas horas tiene un día?,24,¿Qué océano rodea a Australia?,Pacífico,¿Quién pintó la Mona Lisa?,Da Vinci,¿Qué país tiene más pirámides?,Sudán,¿Qué científico creó la relatividad?,Einstein,¿Es la Tierra plana o redonda?,Redonda
¿Cuántos ojos tiene un ser humano?,Dos,¿De qué color es el sol?,Blanco,¿Qué animal es el rey de la selva?,León,¿En qué país nació el tango?,Argentina,¿Qué elemento tiene símbolo Fe?,Hierro,¿Quién descubrió la penicilina?,Fleming,¿Qué idioma es más útil?,Inglés
¿Cuántos brazos tiene una estrella de mar?,Cinco,¿Cuántas lunas tiene la Tierra?,Una,¿Cuántos centímetros tiene un metro?,100,¿Cuál es el país más grande?,Rusia,¿Qué es más rápido, luz o sonido?,Luz,¿Quién escribió "1984"?,Orwell,¿Qué civilización fue más avanzada?,Egipcios
¿Cuántos dedos tiene una mano?,Cinco,¿Cuántas cuerdas tiene una guitarra?,Seis,¿Cuál es la capital de Italia?,Roma,¿Cuántos años tiene un siglo?,100,¿Quién formuló la gravedad?,Newton,¿Cuál es el hueso más fuerte?,Fémur,¿Qué país domina el mundo?,EE.UU.
¿Cuántos lados tiene un cuadrado?,Cuatro,¿Qué gas exhalamos al respirar?,CO₂,¿En qué país está Machu Picchu?,Perú,¿Cuál es el símbolo químico del agua?,H₂O,¿En qué año fue la Revolución Francesa?,1789,¿Qué matemático creó el cálculo?,Newton,¿Cuál es el mejor género musical?,Rock
¿De qué color es el cielo?,Azul,¿Cuántas estaciones tiene un año?,Cuatro,¿Qué país inventó el sushi?,Japón,¿Cuál es el país con más habitantes?,China,¿Qué país tiene más volcanes?,Indonesia,¿Quién desarrolló la teoría cuántica?,Planck,¿Qué actor es el mejor de todos?,DiCaprio
¿Cuántos dedos tiene un pie?,Cinco,¿Cuál es el quinto planeta?,Júpiter,¿Cuántas franjas tiene la bandera de EE.UU.?,13,¿Quién escribió "El Quijote"?,Cervantes,¿Cuál es el desierto más grande?,Antártico,¿Quién descubrió América?,Colón,¿Qué religión es la verdadera?,Ninguna
¿Cuántos hemisferios tiene la Tierra?,Dos,¿Cuántos corazones tiene un pulpo?,Tres,¿Dónde está la Torre Eiffel?,Francia,¿Cuál es la capital de México?,CDMX,¿Qué país tiene más islas?,Suecia,¿Cuál es la ecuación de Einstein?,E=mc²,¿Qué país ganará el próximo mundial?,Argentina
¿Cuántos colores tiene un semáforo?	Tres	¿Cuál es el océano más grande?	Pacífico	¿Quién pintó "La última cena"?	Da Vinci	¿Cuál es el río más largo de México?	Bravo	¿En qué año terminó la Segunda Guerra Mundial?	1945	¿Cuál es el metal más pesado?	Osmio	¿Debe abolirse la monarquía?	Sí o No
¿Cuántos lados tiene un cuadrado?	Cuatro	¿Cuál es la moneda de EE.UU.?	Dólar	¿Quién escribió "Cien años de soledad"?	García Márquez	¿En qué estado está Chichén Itzá?	Yucatán	¿Cuánto mide el Everest?	8849 m	¿Cuál es el gas más ligero?	Hidrógeno	¿Quién fue el mejor presidente de México?	Benito Juárez
¿De qué color es la leche?	Blanco	¿Cuántos días tiene febrero?	28 o 29	¿Cuál es el metal de los cables eléctricos?	Cobre	¿En qué año inició la Revolución Mexicana?	1910	¿Quién descubrió la electricidad?	Franklin	¿Qué órgano filtra la sangre?	Riñón	¿Fue real el alunizaje de 1969?	Sí o No
¿Cuántas patas tiene un caballo?	Cuatro	¿Cuántos continentes existen?	Siete	¿Cuál es el número atómico del carbono?	6	¿Quién fue el primer emperador romano?	Augusto	¿Qué país tiene más zonas horarias?	Francia	¿Cuál es el idioma más hablado?	Inglés	¿Quién tiene más impacto, Marx o Adam Smith?	Opinión
¿Cuántos días tiene una semana?	Siete	¿Cuál es el planeta más grande?	Júpiter	¿Cuál es la capital de Canadá?	Ottawa	¿Cuál es el símbolo químico del oro?	Au	¿Quién formuló la teoría de la evolución?	Darwin	¿Cuál es el músculo más fuerte?	Masetero	¿Es la IA un peligro para la humanidad?	Sí o No
¿Cuántos ojos tiene una araña?	Ocho	¿Qué planeta es rojo?	Marte	¿Qué gas necesitamos para vivir?	Oxígeno	¿Cuál es el desierto más grande?	Antártico	¿Cuántos cromosomas tiene un humano?	46	¿Qué animal tiene el embarazo más largo?	Elefante	¿Es ético comer carne?	Sí o No
¿Cuántos corazones tiene un pulpo?	Tres	¿Cuántos dientes tiene un adulto?	32	¿Cuál es la capital de Argentina?	Buenos Aires	¿Quién escribió "Los viajes de Gulliver"?	Swift	¿Qué civilización inventó el papel?	China	¿Qué país tiene más Patrimonios UNESCO?	Italia	¿El cambio climático es reversible?	Sí o No
¿Cuántos huesos tiene un humano?	206	¿Cuál es el idioma oficial de Brasil?	Portugués	¿Qué animal representa a Australia?	Canguro	¿Qué significa ADN?	Ácido desoxirribonucleico	¿En qué año cayó Constantinopla?	1453	¿Qué médico descubrió la penicilina?	Fleming	¿Las pirámides fueron construidas por alienígenas?	No
¿Cuántos pulmones tiene un humano?	Dos	¿Cuál es la capital de España?	Madrid	¿En qué año nació Einstein?	1879	¿Qué elemento tiene símbolo Fe?	Hierro	¿Cuál es el país más frío del mundo?	Rusia	¿Cuál es el hueso más largo?	Fémur	¿Es real la teoría del Big Bang?	Sí o No
¿Cuántas alas tiene una mariposa?	Cuatro	¿Cuántas estaciones tiene un año?	Cuatro	¿Cuál es la raíz cuadrada de 64?	8	¿Cuál es el país más poblado?	India	¿Quién pintó "La persistencia de la memoria"?	Dalí	¿Qué es más rápido, luz o sonido?	Luz	¿Debe existir la pena de muerte?	Sí o No
¿Cuántos dientes tiene un niño?	20	¿Qué gas es más ligero que el aire?	Helio	¿Qué país tiene la Gran Muralla?	China	¿Quién escribió "Cien años de soledad"?	García Márquez	¿Cuántos vértices tiene un cubo?	Ocho	¿Qué es el ADN?	Material genético	¿Es la astrología una ciencia?	No
¿Cuántos tentáculos tiene un calamar?	Diez	¿Qué color tienen las naranjas?	Naranja	¿Cuántos huesos tiene una mano?	27	¿Quién escribió "Hamlet"?	Shakespeare	¿Cuántos lados tiene un pentágono?	Cinco	¿Quién pintó "La noche estrellada"?	Van Gogh	¿Debe prohibirse la inteligencia artificial?	No
¿Cuántos brazos tiene un pulpo?	Ocho	¿Qué gas exhalamos al respirar?	CO₂	¿Qué país inventó la pizza?	Italia	¿Quién escribió "Los tres mosqueteros"?	Dumas	¿Cuál es la capital de Japón?	Tokio	¿Qué planeta tiene anillos?	Saturno	¿Es la felicidad una elección?	Sí
¿Cuántos huesos tiene un gato?	230	¿Qué color tienen los flamencos?	Rosa	¿Cuál es el océano más pequeño?	Ártico	¿Quién pintó la Capilla Sixtina?	Miguel Ángel	¿Cuál es la capital de Argentina?	Buenos Aires	¿Quién descubrió la penicilina?	Fleming	¿Debe legalizarse la eutanasia?	Sí
¿Cuántos cuernos tiene un rinoceronte?	Uno o dos	¿Qué animal pone huevos y da leche?	Ornitorrinco	¿Cuántos estados tiene México?	32	¿Cuál es el metal más abundante en la Tierra?	Aluminio	¿Cuál es el hueso más largo del cuerpo?	Fémur	¿Quién creó la teoría del Big Bang?	Lemaître	¿Debe haber límites en la libertad de expresión?	Sí
¿Cuántos ojos tiene una araña?	Ocho	¿De qué color es la nieve?	Blanco	¿Cuántos lados tiene un hexágono?	Seis	¿En qué año terminó la Segunda Guerra Mundial?	1945	¿Cuál es el río más largo de México?	Bravo	¿Quién escribió "Don Quijote"?	Cervantes	¿Debe México volver a ser imperio?	No
¿Cuántos corazones tiene un calamar?	Tres	¿Qué planeta es conocido como el rojo?	Marte	¿En qué continente está Egipto?	África	¿Quién descubrió la gravedad?	Newton	¿Qué océano rodea a Sudamérica?	Pacífico	¿Cuál es el metal más caro del mundo?	Rodio	¿Es el ajedrez un deporte?	Sí
¿Cuántos anillos tiene Saturno?	Varios	¿Qué color tiene el oro?	Amarillo	¿En qué país se originó el fútbol?	Inglaterra	¿Cuántos lados tiene un octágono?	Ocho	¿Cuál es el símbolo del oxígeno?	O	¿Quién pintó "La última cena"?	Da Vinci	¿Es la filosofía más útil que la ciencia?	No
¿Cuántos huesos tiene un bebé?	300	¿Cuántas patas tiene una mariposa?	Seis	¿En qué año cayó Tenochtitlán?	1521	¿Qué país tiene forma de bota?	Italia	¿Cuál es la capital de Canadá?	Ottawa	¿Quién desarrolló la teoría de la relatividad?	Einstein	¿Debe la educación ser gratuita?	Sí
¿Cuántos pulmones tiene un humano?	Dos	¿Qué gas necesitamos para respirar?	Oxígeno	¿Qué animal es símbolo de la sabiduría?	Búho	¿Cuál es el idioma más hablado en el mundo?	Inglés	¿Qué desierto es el más caliente del mundo?	Sahara	¿Cuál es el animal más grande?	Ballena azul	¿Debe eliminarse la monarquía en el mundo?	Sí
¿Qué invento revolucionó la impresión de libros?	Imprenta	¿Qué famoso detective creó Arthur Conan Doyle?	Sherlock Holmes	¿En qué año llegó el hombre a la Luna?	1969	¿Cuál es el desierto más caluroso del mundo?	Sahara	¿Cuántos músculos hay en el cuerpo humano?	Más de 600	¿Qué animal puede vivir sin cabeza por días?	Cucaracha	¿Puede la mente existir sin el cuerpo?	Filosófico
¿Qué instrumento mide la presión atmosférica?	Barómetro	¿Cuántos dientes tiene un adulto promedio?	32	¿Qué país tiene más volcanes activos?	Indonesia	¿Cuál es el planeta más grande del sistema solar?	Júpiter	¿Qué animal puede regenerar sus extremidades?	Estrella de mar	¿Qué científico descubrió la penicilina?	Alexander Fleming	¿Es la tecnología una bendición o una maldición?	Depende
¿Cuál es el nombre del satélite natural de la Tierra?	Luna	¿Qué insecto es conocido por su capacidad de levantar muchas veces su peso?	Hormiga	¿Cuántos colores hay en el arcoíris?	Siete	¿Qué océano separa América de Europa?	Atlántico	¿Quién escribió "Romeo y Julieta"?	Shakespeare	¿Qué material es usado para fabricar vidrio?	Arena de sílice	¿Es posible predecir el futuro con precisión?	No
¿Qué tipo de energía usan los paneles solares?	Solar	¿Cuál es la moneda de Japón?	Yen	¿Qué científico propuso la teoría de la evolución?	Darwin	¿Qué continente tiene más países?	África	¿Cuál es el metal que se usa en los cables eléctricos?	Cobre	¿Qué pez puede inflarse para defenderse?	Pez globo	¿La inteligencia es innata o adquirida?	Ambas
¿Qué estructura protege al cerebro?	Cráneo	¿Cuál es el único mamífero que puede volar?	Murciélago	¿Qué capa de la atmósfera nos protege de los rayos UV?	Ozono	¿Cuántos continentes hay en el mundo?	Siete	¿Qué gas es esencial para la combustión?	Oxígeno	¿Cuál es el sentido más desarrollado en los perros?	Olfato	¿Es la felicidad un objetivo o un estado?	Depende
¿Cuántos continentes hay en el mundo?	Siete	¿Cuál es el símbolo químico del oro?	Au	¿Cuántos planetas hay en el sistema solar?	Ocho	¿Quién pintó "El Grito"?	Munch	¿Qué gas es fundamental para la fotosíntesis?	CO₂	¿Cuál es el planeta más grande del sistema solar?	Júpiter	¿Es el destino real o una ilusión?	Ilusión
¿Cuántos centímetros hay en un metro?	100	¿Qué gas llena la mayoría de los globos de helio?	Helio	¿En qué año llegó el hombre a la Luna?	1969	¿Cuál es el ave más grande del mundo?	Avestruz	¿Qué metal es líquido a temperatura ambiente?	Mercurio	¿Cuál es el órgano más grande del cuerpo humano?	Piel	¿Debe existir el dinero en el futuro?	Depende
¿Cuántos lados tiene un dodecágono?	Doce	¿Cuál es la montaña más alta del mundo?	Everest	¿Cuántos colores hay en el arcoíris?	Siete	¿Quién inventó la bombilla eléctrica?	Edison	¿Cuántos años dura un lustro?	Cinco	¿Qué planeta es el más cercano al Sol?	Mercurio	¿Es posible viajar en el tiempo?	Teóricamente
¿Cuántos huesos tiene el cuerpo humano adulto?	206	¿Quién formuló las leyes del movimiento?	Newton	¿En qué estado de la materia está el agua a 100°C?	Gaseoso	¿Cuál es el idioma oficial de Brasil?	Portugués	¿Qué tipo de animal es un delfín?	Mamífero	¿Cuál es la capital de Alemania?	Berlín	¿Es la inteligencia artificial una amenaza?	Depende
¿Cuántas patas tiene un cangrejo?	Diez	¿Qué animal puede regenerar su corazón?	Axolote	¿Qué color tiene la sangre cuando no hay oxígeno?	Azul oscuro	¿Quién escribió "Orgullo y prejuicio"?	Jane Austen	¿Cuántos huesos tiene el cráneo humano?	22	¿Cuántos segundos tiene un minuto?	60	¿Debe colonizarse Marte?	Tal vez
¿Qué gas hace que los globos floten?	Helio	¿Cuántos lados tiene un octágono?	Ocho	¿Cuál es el metal más caro del mundo?	Rodio	¿Qué energía es limpia y renovable?	Solar	¿Qué animal tiene la lengua más larga en proporción a su cuerpo?	Camaleón	¿Qué significa "E=mc²"?	Energía=masa×velocidad²	¿Es posible crear una máquina del tiempo?	Tal vez
¿Cuál es la lengua más hablada del mundo?	Inglés	¿Cuántos ojos tiene una araña?	Ocho	¿Qué país tiene la mayor cantidad de islas?	Suecia	¿Cuál es el animal con el mejor sentido del olfato?	Tiburón	¿Quién escribió "La Odisea"?	Homero	¿Qué elemento químico tiene símbolo "Fe"?	Hierro	¿Es mejor la felicidad o el conocimiento?	Depende
¿Cuánto dura un día en Júpiter?	10 horas	¿Qué animal nunca duerme?	Medusa	¿Qué ciudad tiene la Torre Eiffel?	París	¿Cuál es el océano más frío del mundo?	Ártico	¿Qué mamífero puede volar?	Murciélago	¿Cuál es la moneda de Reino Unido?	Libra esterlina	¿La conciencia es solo un producto del cerebro?	Tal vez
¿Qué animal puede cambiar de color?	Camaleón	¿Qué deporte se juega en Wimbledon?	Tenis	¿Cuántos anillos tiene el logo de los Juegos Olímpicos?	Cinco	¿Qué significa "www" en las direcciones web?	World Wide Web	¿Cuál es el gas más abundante en el Sol?	Hidrógeno	¿Cuántas extremidades tiene un cangrejo?	Diez	¿Debe existir el dinero en el futuro?	Depende
¿Cuál es la capital de Australia?	Canberra	¿Cuántos lados tiene un hexágono?	Seis	¿Cuál es el idioma oficial de China?	Mandarín	¿Qué pez es famoso por su capacidad eléctrica?	Anguila eléctrica	¿Cuántos dientes tiene un tiburón blanco?	Más de 300	¿Cuál es el río más largo del mundo?	Amazonas	¿Puede haber vida sin oxígeno?	Sí (anaerobia)
¿Cuál es el hueso más largo del cuerpo humano?	Fémur	¿Qué gas exhalamos al respirar?	Dióxido de carbono	¿En qué continente está Egipto?	África	¿Cuál es la velocidad del sonido en el aire?	343 m/s	¿Quién pintó "La Noche Estrellada"?	Van Gogh	¿Cuál es la montaña más alta del mundo?	Everest	¿Es la moral objetiva o subjetiva?	Subjetiva
¿Qué animal tiene los ojos más grandes en proporción a su cuerpo?	Calamar gigante	¿Cuántos planetas hay en el sistema solar?	Ocho	¿Cuál es el metal más denso?	Osmio	¿Qué famoso físico desarrolló la teoría de la relatividad?	Einstein	¿Cuántos corazones tiene una lombriz de tierra?	Cinco	¿Qué país tiene la selva amazónica?	Brasil	¿Debe la humanidad colonizar otros planetas?	Sí
¿Cuántos huesos tiene el cuerpo humano adulto?	206	¿Qué gas hace que los refrescos tengan burbujas?	Dióxido de carbono	¿Quién escribió "1984"?	George Orwell	¿Qué significa "H2O"?	Agua	¿Cuál es el metal que se encuentra en estado líquido a temperatura ambiente?	Mercurio	¿Cuál es la capital de Rusia?	Moscú	¿Es posible una inteligencia artificial consciente?	Tal vez
¿Qué mamífero pone huevos?	Ornitorrinco	¿Qué animal es conocido por su memoria excepcional?	Elefante	¿Cuántas patas tiene una araña?	Ocho	¿Qué científico formuló las leyes del movimiento?	Newton	¿Qué planeta tiene los vientos más rápidos del sistema solar?	Neptuno	¿Cuál es el órgano más grande del cuerpo humano?	Piel	¿Debe haber límites en la investigación científica?	Depende
¿Cuál es el país más pequeño del mundo?	Vaticano	¿Cuántos lados tiene un dodecágono?	Doce	¿Qué gas necesitamos para vivir?	Oxígeno	¿Qué estrella está más cerca de la Tierra?	Sol	¿Qué sustancia da el color verde a las plantas?	Clorofila	¿Cuál es la capa más externa de la Tierra?	Corteza	¿Es el tiempo una ilusión?	Depende
¿Cuántos dientes tiene un adulto?	32	¿Qué órgano bombea la sangre en el cuerpo?	Corazón	¿Qué planeta tiene un gran punto rojo?	Júpiter	¿Cuántos lados tiene un decágono?	Diez	¿Cuál es la capital de Rusia?	Moscú	¿Quién pintó "La joven de la perla"?	Vermeer	¿Puede existir la vida sin agua?	No
¿Cuántos días tiene un año bisiesto?	366	¿Qué sustancia le da color a la piel?	Melanina	¿Cuál es la estrella más cercana a la Tierra?	Sol	¿Qué animal es el símbolo de Australia?	Canguro	¿Quién inventó la imprenta?	Gutenberg	¿Qué océano es el más profundo?	Pacífico	¿Es la educación más importante que la riqueza?	Sí
¿Cuántos hemisferios tiene el cerebro?	Dos	¿Cuál es la moneda de Japón?	Yen	¿Qué animal es conocido como el rey de la selva?	León	¿Qué órgano produce la insulina?	Páncreas	¿Qué país tiene más pirámides que Egipto?	Sudán	¿Quién fue el primer presidente de EE.UU.?	Washington	¿Debe la humanidad buscar vida extraterrestre?	Sí
¿Cuántos músculos tiene el cuerpo humano?	Más de 600	¿Quién escribió "El Principito"?	Saint-Exupéry	¿Qué color tiene el agua del mar?	Azul	¿Qué planeta tiene la luna más grande del sistema solar?	Júpiter	¿Cuál es la capital de Francia?	París	¿Qué es un tsunami?	Onda gigante	¿Es el amor una decisión o un sentimiento?	Ambas
¿Cuántos dedos tiene un ser humano en total?	20	¿Cuál es el elemento más abundante en el universo?	Hidrógeno	¿Cuántos huesos tiene una jirafa?	206 (igual que los humanos)	¿Qué océano separa América de Europa?	Atlántico	¿Cuál es el país más grande del mundo?	Rusia	¿Quién escribió "1984"?	George Orwell	¿Debe haber límites en la ciencia?	Depende
¿Qué animal tiene la mordida más fuerte del mundo?	Cocodrilo	¿Cuál es el metal más ligero?	Litio	¿En qué año comenzó la Primera Guerra Mundial?	1914	¿Qué planeta es conocido como el "Planeta Rojo"?	Marte	¿Quién escribió "Don Quijote de la Mancha"?	Cervantes	¿Cuál es el país con más medallas olímpicas?	EE.UU.	¿Es el destino real o una ilusión?	Ilusión
¿Cuántos corazones tiene un pulpo?	Tres	¿Qué gas compone la mayor parte del aire?	Nitrógeno	¿Cuál es la ciudad más poblada del mundo?	Tokio	¿Cuántos tentáculos tiene un calamar?	Diez	¿Cuál es la raíz cuadrada de 144?	12	¿Quién fue el primer emperador de Roma?	Augusto	¿Es posible viajar más rápido que la luz?	No
¿Cuál es el mamífero más pequeño del mundo?	Murciélago abejorro	¿Qué sustancia da color al cabello?	Melanina	¿Cuántas lunas tiene Marte?	Dos	¿Cuál es el animal terrestre más rápido?	Guepardo	¿Qué planeta tiene un día más largo que su año?	Venus	¿Quién pintó "La última cena"?	Da Vinci	¿Debe la humanidad buscar vida en otros planetas?	Sí
¿Qué océano es el más grande?	Pacífico	¿Qué instrumento mide los terremotos?	Sismógrafo	¿Qué país tiene el himno nacional más largo?	Grecia	¿Cuántos anillos tiene Saturno?	Miles	¿Qué metal es mejor conductor de electricidad?	Plata	¿Cuál es el ave más veloz del mundo?	Halcón peregrino	¿Es la inteligencia artificial una amenaza?	Depende
¿Cuántos colores tiene un cubo de Rubik estándar?	Seis	¿Qué animal puede vivir más de 200 años?	Tortuga de las Galápagos	¿Qué gas usan las plantas para respirar?	CO₂	¿Cuál es la capital de Canadá?	Ottawa	¿Cuántos huesos tiene un bebé al nacer?	270	¿Cuál es el desierto más grande del mundo?	Antártico	¿Debe haber un límite en la ciencia?	Depende
¿Cuál es el órgano más grande del cuerpo humano?	La piel	¿Cuántas patas tiene una araña?	Ocho	¿Qué gas es esencial para la respiración humana?	Oxígeno	¿Qué país tiene la Torre Eiffel?	Francia	¿Cuál es el metal más conductor de electricidad?	Plata	¿Cómo se llama la hormona del estrés?	Cortisol	¿Podrían los humanos vivir en Marte algún día?	Con tecnología avanzada, sí
¿Qué planeta tiene un día más largo que su año?	Venus	¿Cuál es la arteria principal del cuerpo humano?	Aorta	¿Quién escribió "Romeo y Julieta"?	William Shakespeare	¿Qué animal es conocido por su memoria excepcional?	Elefante	¿Cómo se llama el proceso de convertir agua en vapor?	Evaporación	¿Cuál es la sustancia más dura conocida?	Diamante	¿Es posible la inteligencia artificial consciente?	Aún no, pero es un debate abierto
¿Cuál es el desierto más grande del mundo?	Antártico	¿Cómo se llama la unidad de medida de la corriente eléctrica?	Amperio	¿Cuál es el país más grande del mundo por territorio?	Rusia	¿Qué hueso protege el cerebro?	Cráneo	¿Cuál es la función de los riñones?	Filtrar desechos de la sangre	¿Cómo se llaman los planetas fuera del sistema solar?	Exoplanetas	¿Podría existir vida basada en otro elemento que no sea el carbono?	En teoría, basada en silicio
¿Cuántos ojos tiene una mosca común?	Cinco	¿Qué estrella es el centro del sistema solar?	El Sol	¿Cuál es el océano más grande del mundo?	Pacífico	¿Qué ciudad es conocida como "La Gran Manzana"?	Nueva York	¿Cómo se llama el tejido que conecta los músculos con los huesos?	Tendón	¿Qué invento permitió la revolución industrial?	Máquina de vapor	¿Podrían los humanos fusionarse con la tecnología en el futuro?	Probablemente, con avances en biohacking
¿Qué animal puede dormir con un ojo abierto?	Delfín	¿Qué gas es el más abundante en la atmósfera terrestre?	Nitrógeno	¿Cuántos cromosomas tiene un humano?	46 (23 pares)	¿Quién pintó "La última cena"?	Leonardo da Vinci	¿Qué significa "ADN"?	Ácido desoxirribonucleico	¿Cuál es el único mamífero capaz de volar?	Murciélago	¿Podría la humanidad alcanzar la inmortalidad biológica?	Con avances genéticos, es posible
¿Cuál es el hueso más largo del cuerpo humano?	Fémur	¿Qué es la mitocondria en una célula?	La central energética de la célula	¿Qué país tiene más pirámides que Egipto?	Sudán	¿Cuántos lados tiene un dodecágono?	Doce	¿Cómo se llama la ciencia que estudia los fósiles?	Paleontología	¿Cuál es el animal terrestre más grande del mundo?	Elefante africano	¿Es posible la terraformación de Marte?	Teóricamente, pero requiere tecnología avanzada
¿Qué gas hace burbujas en los refrescos?	Dióxido de carbono (CO₂)	¿Cuántos dientes tiene un adulto humano?	32	¿Qué científico propuso la teoría de la relatividad?	Albert Einstein	¿Qué parte de la planta absorbe el agua?	Raíces	¿Cuál es el país con más idiomas oficiales?	India	¿Cómo se llama el efecto por el cual la luz se curva en la gravedad?	Lente gravitacional	¿Podrían los humanos crear un agujero de gusano artificial?	No con nuestra tecnología actual
¿Cómo se llama el proceso por el cual las plantas fabrican su alimento?	Fotosíntesis	¿Cuál es el continente con más países?	África	¿Qué animal tiene la lengua más larga en proporción a su cuerpo?	Camaleón	¿Qué animal puede regenerar su corazón?	Axolote	¿Qué metal se usa principalmente en los cables eléctricos?	Cobre	¿Cuál es el órgano encargado del equilibrio en el cuerpo?	Oído interno	¿Es posible que existan formas de vida sin agua?	No como la conocemos, pero en teoría sí
¿Cuál es el animal más venenoso del mundo?	Medusa caja	¿Cuántos colores hay en un arcoíris?	Siete	¿Qué metal es líquido a temperatura ambiente?	Mercurio	¿Qué parte del cuerpo humano nunca deja de crecer?	Orejas y nariz	¿Cómo se llama la nave espacial que llevó al primer humano a la Luna?	Apollo 11	¿Cuál es el país con más volcanes activos?	Indonesia	¿Podría la inteligencia artificial superar a la humana en creatividad?	Es difícil, pero no imposible
¿Qué planeta tiene el mayor volcán del sistema solar?	Marte (Monte Olimpo)	¿Cómo se llama la línea que divide el planeta en hemisferios norte y sur?	Ecuador	¿Cuántos corazones tiene un pulpo?	Tres	¿Qué instrumento mide la velocidad del viento?	Anemómetro	¿Cuál es el lago más profundo del mundo?	Lago Baikal	¿Cuál es el órgano más pesado del cuerpo humano?	Hígado	¿Es posible la comunicación telepática con la tecnología?	Se están desarrollando interfaces cerebro-máquina
¿Equipo con más títulos en Liga MX?	América	¿Actor de "No se aceptan devoluciones"?	Eugenio Derbez	¿Equipo con más Champions League?	Real Madrid	¿Película más taquillera de Marvel?	Avengers: Endgame	¿Animal terrestre más rápido?	Guepardo	¿País en conflicto con Rusia?	Ucrania	¿Qué es el efecto Mandela?	Recuerdos falsos compartidos
¿Equipo apodado "La Máquina"?	Cruz Azul	¿Cantante apodado "El Sol de México"?	Luis Miguel	¿Jugador con más goles en Champions?	Cristiano Ronaldo	¿Año de estreno de "Avatar"?	2009	¿Mamífero que vuela?	Murciélago	¿País en conflicto por Taiwán?	China	¿Qué es el efecto placebo?	Creencia en falso tratamiento
¿Equipo con más títulos en Concachampions?	América	¿Actor de "Roma"?	Yalitza Aparicio	¿Equipo inglés con más Champions?	Liverpool	¿Película con más Óscares?	Titanic	¿Animal con la mordida más fuerte?	Cocodrilo	¿Conflicto más largo en Latinoamérica?	Colombia	¿Qué es el sesgo de confirmación?	Creer info que confirma ideas
¿Equipo apodado "Los Tuzos"?	Pachuca	¿Cantante de "Felices los 4"?	Maluma	¿Equipo con más finales de Champions?	Real Madrid	¿Película sobre sueños de Nolan?	Inception	¿Animal que construye presas?	Castor	¿País con guerra en Gaza?	Israel	¿Qué es el efecto de primacía?	Recordar mejor lo primero
¿Equipo con estadio más grande en MX?	América	¿Actor mexicano en "Frida"?	Salma Hayek	¿Equipo italiano con más Champions?	AC Milan	¿Película más vista de Pixar?	Intensamente	¿Animal más venenoso?	Medusa caja	¿Países en disputa en Cachemira?	India y Pakistán	¿Qué es el efecto de anclaje?	Basarse en primera info
¿Máximo goleador histórico de Liga MX?	Cabinho	¿Cantante de "Amor Prohibido"?	Selena	¿País con más equipos campeones de UCL?	Inglaterra	¿Película de terror más taquillera?	It (2017)	¿Animal con mejor camuflaje?	Pulpo mímico	¿Región con más golpes de estado?	África	¿Qué es el efecto de espectador?	No ayudar por presencia de otros
¿Equipo apodado "Los Rojinegros"?	Atlas	¿Cantante de "Querida"?	Juan Gabriel	¿Jugador con más Champions ganadas?	Cristiano Ronaldo	¿Película de Spielberg sobre dinosaurios?	Jurassic Park	¿Animal que duerme 20 horas al día?	Koala	¿Conflicto que dividió Corea?	Guerra de Corea	¿Qué es el efecto de halo?	Juzgar por primera impresión
¿Equipo mexicano con más Copa MX?	León	¿Cantante de "Adiós Amor"?	Christian Nodal	¿Jugador con más asistencias en UCL?	Messi	¿Película de terror de los 70?	El Exorcista	¿Animal más inteligente después del humano?	Delfín	¿País con disputa en Mar del Sur?	China	¿Qué es el sesgo de negatividad?	Recordar más lo malo
¿Máximo goleador de la Champions?	Cristiano Ronaldo	¿Actor mexicano con dos Óscar?	Anthony Quinn	¿Equipo con más Champions en Alemania?	Bayern Múnich	¿Película más vista de Disney?	El Rey León (2019)	¿Animal con extremidades regenerativas?	Axolote	¿País más afectado por ISIS?	Siria	¿Qué es la disonancia cognitiva?	Incomodidad por ideas opuestas
¿Equipo con más títulos en Libertadores?	Independiente	¿Actriz mexicana en "Cuna de Lobos"?	María Rubio	¿Equipo más dominante en Champions?	Real Madrid	¿Película con robots gigantes?	Transformers	¿Animal que usa herramientas?	Chimpancé	¿Guerra más costosa del siglo XX?	Segunda Guerra Mundial	¿Qué es el efecto spotlight?	Creer que nos observan más
¿Equipo apodado "Los Rayados"?	Monterrey	¿Cantante de "Eres"?	Café Tacvba	¿Equipo con más tripletes?	Barcelona	¿Película famosa de Pixar en 2003?	Buscando a Nemo	¿Animal con lengua más larga?	Camaleón	¿País en crisis económica severa?	Venezuela	¿Qué es el efecto Dunning-Kruger?	Ignorantes se creen expertos
¿Estadio más grande de México?	Azteca	¿Actor de "Amores Perros"?	Gael García Bernal	¿Único equipo inglés con triplete?	Manchester United	¿Película de Nolan sobre el tiempo?	Tenet	¿Animal más grande del mundo?	Ballena azul	¿Conflicto de EE.UU. en 2003?	Guerra de Irak	¿Qué es el efecto Barnum?	Creer descripciones genéricas
¿Jugador con más goles en Liga MX?	Cabinho	¿Cantante apodado "El Divo de Juárez"?	Juan Gabriel	¿Único equipo francés con Champions?	Marsella	¿Película con "El Guasón" en 2008?	The Dark Knight	¿Animal que usa veneno en caza?	Serpiente coral	¿País con conflicto en Cachemira?	India	¿Qué es la parálisis del sueño?	No moverse al despertar
¿País con más Mundiales ganados?	Brasil	¿Grupo de "Rayando el Sol"?	Maná	¿Equipo con más finales perdidas UCL?	Juventus	¿Película con dinosaurios en 1993?	Jurassic Park	¿Animal que nunca duerme?	Medusa	¿País con crisis en Sudán?	Sudán	¿Qué es la teoría del apego?	Vínculos en la infancia
¿Equipo con más títulos en España?	Real Madrid	¿Actor de "Y tu mamá también"?	Diego Luna	¿País con más equipos en Champions?	Inglaterra	¿Película famosa de los 90 de Disney?	El Rey León	¿Animal con mejor oído?	Búho	¿País en guerra con Yemen?	Arabia Saudita	¿Qué es la proyección psicológica?	Atribuir propios defectos a otros
¿Jugador con más goles en un Mundial?	Miroslav Klose	¿Cantante de "La Incondicional"?	Luis Miguel	¿Único equipo con 6 Champions seguidas?	Real Madrid	¿Película animada más taquillera?	Frozen II	¿Animal que cambia de sexo?	Pez payaso	¿País en guerra civil desde 2011?	Siria	¿Qué es el gaslighting?	Manipular para hacer dudar
¿Primer equipo en ganar Champions?	Real Madrid	¿Actor de "No Manches Frida"?	Omar Chaparro	¿Equipo con más Supercopas de Europa?	Barcelona	¿Película con "Jack y Rose"?	Titanic	¿Animal que se clona a sí mismo?	Estrella de mar	¿País en guerra con Palestina?	Israel	¿Qué es el síndrome del impostor?	Dudar del propio éxito
¿Equipo apodado "Los Zorros"?	Atlas	¿Actor de "El Infierno"?	Damián Alcázar	¿Equipo con más Europa League?	Sevilla	¿Película de terror con un payaso?	IT	¿Animal más longevo del mundo?	Tiburón de Groenlandia	¿País en guerra con Armenia?	Azerbaiyán	¿Qué es la memoria fotográfica?	Recordar imágenes con detalle
¿Jugador con más Balón de Oro?	Messi	¿Cantante de "Vivir mi vida"?	Marc Anthony	¿Equipo con más Copas del Rey?	Barcelona	¿Película animada con una princesa verde?	Shrek	¿Animal con el mejor olfato?	Elefante	¿País con conflicto en Tigray?	Etiopía	¿Qué es el efecto Zeigarnik?	Recordar tareas incompletas
¿Último campeón de la Champions?	Manchester City	¿Cantante de "Bailando"?	Enrique Iglesias	¿Equipo con más títulos en Alemania?	Bayern Múnich	¿Película con un ogro verde?	Shrek	¿Animal con más dientes?	Pez gato	¿País con guerra en el Donbás?	Ucrania	¿Qué es la sinestesia?	Mezclar sentidos (ver sonidos)
¿Cuál es el único número primo par?	2	¿Cómo se llama la galaxia donde está la Tierra?	Vía Láctea	¿Quién pintó la Capilla Sixtina?	Miguel Ángel	¿Cuál es el océano más profundo del mundo?	Pacífico	¿Cuántos lados tiene un octágono?	Ocho	¿Qué gas exhalamos al respirar?	Dióxido de carbono (CO₂)	¿Puede la vida existir en el vacío?	No en su forma actual
¿Qué elemento químico tiene el símbolo "Fe"?	Hierro	¿Cuántos corazones tiene una lombriz de tierra?	Cinco	¿Qué famoso detective fue creado por Arthur Conan Doyle?	Sherlock Holmes	¿Qué parte del ojo controla la cantidad de luz que entra?	Pupila	¿Qué instrumento se usa para medir la presión atmosférica?	Barómetro	¿Qué estrella es la más brillante en el cielo nocturno?	Sirio	¿Podría la humanidad vivir en el espacio permanentemente?	Con tecnología avanzada, sí
¿Qué tipo de energía utiliza un panel solar?	Energía solar	¿Cuántos litros de sangre tiene el cuerpo humano?	Aproximadamente 5	¿Qué emperador romano legalizó el cristianismo?	Constantino I	¿Cuál es la función principal de los glóbulos blancos?	Defender contra infecciones	¿Cuál es el idioma más hablado del mundo?	Inglés y chino mandarín	¿Cómo se llama el pigmento que da color a la piel?	Melanina	¿Puede el cerebro generar nuevas neuronas?	Sí, en algunas áreas
¿Cuál es el único planeta que gira de lado?	Urano	¿Cómo se llama el agujero en la capa de ozono?	Agujero de ozono	¿Quién escribió "Cien años de soledad"?	Gabriel García Márquez	¿Qué montaña es la más alta del mundo?	Everest	¿Cuál es el metal más pesado?	Osmio	¿Qué animal puede regenerar sus extremidades?	Estrella de mar	¿Puede existir fuego en el espacio?	No, porque no hay oxígeno
¿Qué planeta se conoce como el "Gigante Rojo"?	No aplica, pero Marte es el "Planeta Rojo"	¿Cuántos jugadores tiene un equipo de baloncesto en la cancha?	Cinco	¿Cómo se llama el ciclo del agua en la naturaleza?	Ciclo hidrológico	¿Qué gas se usa en los refrigeradores modernos?	R-134a y otros compuestos sin CFC	¿Cuál es la capital de Canadá?	Ottawa	¿Qué hueso protege el corazón?	Esternón	¿Podría la Tierra perder su atmósfera?	En millones de años, sí
¿Cómo se llama la ciencia que estudia los insectos?	Entomología	¿Qué planeta tiene el mayor sistema de anillos?	Saturno	¿Qué científico descubrió la penicilina?	Alexander Fleming	¿Cómo se llama el proceso por el cual las plantas pierden agua?	Transpiración	¿Qué mamífero pone huevos?	Ornitorrinco	¿Cómo se llama el punto más profundo del océano?	Fosa de las Marianas	¿Es posible la teletransportación?	Teóricamente, a nivel cuántico
¿Cuántas notas musicales existen en una escala diatónica?	Siete	¿Qué pez es conocido por su capacidad de inflarse?	Pez globo	¿Cuál es la moneda oficial del Reino Unido?	Libra esterlina	¿Qué gas mantiene los globos aerostáticos en el aire?	Helio o aire caliente	¿Qué significa "www" en una dirección web?	World Wide Web	¿Cuál es el planeta más pequeño del sistema solar?	Mercurio	¿Podrían existir universos paralelos?	Es una hipótesis científica
¿Quién fue el primer presidente de Estados Unidos?	George Washington	¿Cómo se llama la ciudad antigua de los mayas en México?	Chichén Itzá	¿Qué es un eclipse solar?	Cuando la Luna cubre el Sol	¿Cómo se llama la parte del cerebro que controla el equilibrio?	Cerebelo	¿Qué animal es el más rápido en tierra?	Guepardo	¿Qué color se obtiene mezclando azul y amarillo?	Verde	¿Podría existir vida en Titán, la luna de Saturno?	Es posible, pero no confirmado
¿Cuántos huesos tiene un adulto humano?	206	¿Cómo se llama el primer satélite artificial lanzado al espacio?	Sputnik 1	¿Qué animal tiene el cerebro más grande en proporción a su cuerpo?	Delfín	¿Cuál es la montaña más alta de América?	Aconcagua	¿Qué tipo de animal es una tarántula?	Arácnido	¿Cómo se llama el gas que hace que las bebidas carbonatadas tengan burbujas?	Dióxido de carbono (CO₂)	¿Podrían los humanos hibernar en el futuro?	Teóricamente sí, con avances médicos
¿Cuántos planetas hay en el sistema solar?	Ocho	¿Cómo se llama el instrumento para medir la temperatura?	Termómetro	¿Qué país tiene más medallas olímpicas en la historia?	Estados Unidos	¿Cómo se llama la capa más caliente del Sol?	Corona solar	¿Qué es más denso, el agua o el hielo?	Agua	¿Cuál es la función del páncreas en el cuerpo?	Producir insulina y enzimas digestivas	¿Es posible viajar más rápido que la luz?	No, según la física actual